CC	a-2	a-3	#	Name
SA	AR	ARG	032	Argentina, Argentine Republic
SA	BO	BOL	068	Bolivia, Republic of
SA	BR	BRA	076	Brazil, Federative Republic of
SA	CL	CHL	152	Chile, Republic of
SA	CO	COL	170	Colombia, Republic of
SA	EC	ECU	218	Ecuador, Republic of
SA	FK	FLK	238	Falkland Islands (Malvinas)
SA	GF	GUF	254	French Guiana
SA	GY	GUY	328	Guyana, Co-operative Republic of
SA	PY	PRY	600	Paraguay, Republic of
SA	PE	PER	604	Peru, Republic of
SA	SR	SUR	740	Suriname, Republic of
SA	UY	URY	858	Uruguay, Eastern Republic of
SA	VE	VEN	862	Venezuela, Bolivarian Republic of
OC	AS	ASM	016	American Samoa
OC	AU	AUS	036	Australia, Commonwealth of
OC	SB	SLB	090	Solomon Islands
OC	CK	COK	184	Cook Islands
OC	FJ	FJI	242	Fiji, Republic of the Fiji Islands
OC	PF	PYF	258	French Polynesia
OC	KI	KIR	296	Kiribati, Republic of
OC	GU	GUM	316	Guam
OC	NR	NRU	520	Nauru, Republic of
OC	NC	NCL	540	New Caledonia
OC	VU	VUT	548	Vanuatu, Republic of
OC	NZ	NZL	554	New Zealand
OC	NU	NIU	570	Niue
OC	NF	NFK	574	Norfolk Island
OC	MP	MNP	580	Northern Mariana Islands, Commonwealth of the
OC	UM	UMI	581	United States Minor Outlying Islands
OC	FM	FSM	583	Micronesia, Federated States of
OC	MH	MHL	584	Marshall Islands, Republic of the
OC	PW	PLW	585	Palau, Republic of
OC	PG	PNG	598	Papua New Guinea, Independent State of
OC	PN	PCN	612	Pitcairn Islands
OC	TK	TKL	772	Tokelau
OC	TO	TON	776	Tonga, Kingdom of
OC	TV	TUV	798	Tuvalu
OC	WF	WLF	876	Wallis and Futuna
OC	WS	WSM	882	Samoa, Independent State of
OC	XX	null	null	Disputed Territory
NA	AG	ATG	028	Antigua and Barbuda
NA	BS	BHS	044	Bahamas, Commonwealth of the
NA	BB	BRB	052	Barbados
NA	BM	BMU	060	Bermuda
NA	BZ	BLZ	084	Belize
NA	VG	VGB	092	British Virgin Islands
NA	CA	CAN	124	Canada
NA	KY	CYM	136	Cayman Islands
NA	CR	CRI	188	Costa Rica, Republic of
NA	CU	CUB	192	Cuba, Republic of
NA	DM	DMA	212	Dominica, Commonwealth of
NA	DO	DOM	214	Dominican Republic
NA	SV	SLV	222	El Salvador, Republic of
NA	GL	GRL	304	Greenland
NA	GD	GRD	308	Grenada
NA	GP	GLP	312	Guadeloupe
NA	GT	GTM	320	Guatemala, Republic of
NA	HT	HTI	332	Haiti, Republic of
NA	HN	HND	340	Honduras, Republic of
NA	JM	JAM	388	Jamaica
NA	MQ	MTQ	474	Martinique
NA	MX	MEX	484	Mexico, United Mexican States
NA	MS	MSR	500	Montserrat
NA	AN	ANT	530	Netherlands Antilles
NA	CW	CUW	531	Curaçao
NA	AW	ABW	533	Aruba
NA	SX	SXM	534	Sint Maarten (Netherlands)
NA	BQ	BES	535	Bonaire, Sint Eustatius and Saba
NA	NI	NIC	558	Nicaragua, Republic of
NA	UM	UMI	581	United States Minor Outlying Islands
NA	PA	PAN	591	Panama, Republic of
NA	PR	PRI	630	Puerto Rico, Commonwealth of
NA	BL	BLM	652	Saint Barthelemy
NA	KN	KNA	659	Saint Kitts and Nevis, Federation of
NA	AI	AIA	660	Anguilla
NA	LC	LCA	662	Saint Lucia
NA	MF	MAF	663	Saint Martin
NA	PM	SPM	666	Saint Pierre and Miquelon
NA	VC	VCT	670	Saint Vincent and the Grenadines
NA	TT	TTO	780	Trinidad and Tobago, Republic of
NA	TC	TCA	796	Turks and Caicos Islands
NA	US	USA	840	United States of America
NA	VI	VIR	850	United States Virgin Islands
EU	AL	ALB	008	Albania, Republic of
EU	AD	AND	020	Andorra, Principality of
EU	AZ	AZE	031	Azerbaijan, Republic of
EU	AT	AUT	040	Austria, Republic of
EU	AM	ARM	051	Armenia, Republic of
EU	BE	BEL	056	Belgium, Kingdom of
EU	BA	BIH	070	Bosnia and Herzegovina
EU	BG	BGR	100	Bulgaria, Republic of
EU	BY	BLR	112	Belarus, Republic of
EU	HR	HRV	191	Croatia, Republic of
EU	CY	CYP	196	Cyprus, Republic of
EU	CZ	CZE	203	Czech Republic
EU	DK	DNK	208	Denmark, Kingdom of
EU	EE	EST	233	Estonia, Republic of
EU	FO	FRO	234	Faroe Islands
EU	FI	FIN	246	Finland, Republic of
EU	AX	ALA	248	Åland Islands
EU	FR	FRA	250	France, French Republic
EU	GE	GEO	268	Georgia
EU	DE	DEU	276	Germany, Federal Republic of
EU	GI	GIB	292	Gibraltar
EU	GR	GRC	300	Greece, Hellenic Republic
EU	VA	VAT	336	Holy See (Vatican City State)
EU	HU	HUN	348	Hungary, Republic of
EU	IS	ISL	352	Iceland, Republic of
EU	IE	IRL	372	Ireland
EU	IT	ITA	380	Italy, Italian Republic
EU	KZ	KAZ	398	Kazakhstan, Republic of
EU	LV	LVA	428	Latvia, Republic of
EU	LI	LIE	438	Liechtenstein, Principality of
EU	LT	LTU	440	Lithuania, Republic of
EU	LU	LUX	442	Luxembourg, Grand Duchy of
EU	MT	MLT	470	Malta, Republic of
EU	MC	MCO	492	Monaco, Principality of
EU	MD	MDA	498	Moldova, Republic of
EU	ME	MNE	499	Montenegro, Republic of
EU	NL	NLD	528	Netherlands, Kingdom of the
EU	NO	NOR	578	Norway, Kingdom of
EU	PL	POL	616	Poland, Republic of
EU	PT	PRT	620	Portugal, Portuguese Republic
EU	RO	ROU	642	Romania
EU	RU	RUS	643	Russian Federation
EU	SM	SMR	674	San Marino, Republic of
EU	RS	SRB	688	Serbia, Republic of
EU	SK	SVK	703	Slovakia (Slovak Republic)
EU	SI	SVN	705	Slovenia, Republic of
EU	ES	ESP	724	Spain, Kingdom of
EU	SJ	SJM	744	Svalbard & Jan Mayen Islands
EU	SE	SWE	752	Sweden, Kingdom of
EU	CH	CHE	756	Switzerland, Swiss Confederation
EU	TR	TUR	792	Turkey, Republic of
EU	UA	UKR	804	Ukraine
EU	MK	MKD	807	Macedonia, The Former Yugoslav Republic of
EU	GB	GBR	826	United Kingdom of Great Britain & Northern Ireland
EU	GG	GGY	831	Guernsey, Bailiwick of
EU	JE	JEY	832	Jersey, Bailiwick of
EU	IM	IMN	833	Isle of Man
AS	AF	AFG	004	Afghanistan, Islamic Republic of
AS	AZ	AZE	031	Azerbaijan, Republic of
AS	BH	BHR	048	Bahrain, Kingdom of
AS	BD	BGD	050	Bangladesh, People's Republic of
AS	AM	ARM	051	Armenia, Republic of
AS	BT	BTN	064	Bhutan, Kingdom of
AS	IO	IOT	086	British Indian Ocean Territory (Chagos Archipelago)
AS	BN	BRN	096	Brunei Darussalam
AS	MM	MMR	104	Myanmar, Union of
AS	KH	KHM	116	Cambodia, Kingdom of
AS	LK	LKA	144	Sri Lanka, Democratic Socialist Republic of
AS	CN	CHN	156	China, People's Republic of
AS	TW	TWN	158	Taiwan
AS	CX	CXR	162	Christmas Island
AS	CC	CCK	166	Cocos (Keeling) Islands
AS	CY	CYP	196	Cyprus, Republic of
AS	GE	GEO	268	Georgia
AS	PS	PSE	275	Palestinian Territory, Occupied
AS	HK	HKG	344	Hong Kong, Special Administrative Region of China
AS	IN	IND	356	India, Republic of
AS	ID	IDN	360	Indonesia, Republic of
AS	IR	IRN	364	Iran, Islamic Republic of
AS	IQ	IRQ	368	Iraq, Republic of
AS	IL	ISR	376	Israel, State of
AS	JP	JPN	392	Japan
AS	KZ	KAZ	398	Kazakhstan, Republic of
AS	JO	JOR	400	Jordan, Hashemite Kingdom of
AS	KP	PRK	408	Korea, Democratic People's Republic of
AS	KR	KOR	410	Korea, Republic of
AS	KW	KWT	414	Kuwait, State of
AS	KG	KGZ	417	Kyrgyz Republic
AS	LA	LAO	418	Lao People's Democratic Republic
AS	LB	LBN	422	Lebanon, Lebanese Republic
AS	MO	MAC	446	Macao, Special Administrative Region of China
AS	MY	MYS	458	Malaysia
AS	MV	MDV	462	Maldives, Republic of
AS	MN	MNG	496	Mongolia
AS	OM	OMN	512	Oman, Sultanate of
AS	NP	NPL	524	Nepal, State of
AS	PK	PAK	586	Pakistan, Islamic Republic of
AS	PH	PHL	608	Philippines, Republic of the
AS	TL	TLS	626	Timor-Leste, Democratic Republic of
AS	QA	QAT	634	Qatar, State of
AS	RU	RUS	643	Russian Federation
AS	SA	SAU	682	Saudi Arabia, Kingdom of
AS	SG	SGP	702	Singapore, Republic of
AS	VN	VNM	704	Vietnam, Socialist Republic of
AS	SY	SYR	760	Syrian Arab Republic
AS	TJ	TJK	762	Tajikistan, Republic of
AS	TH	THA	764	Thailand, Kingdom of
AS	AE	ARE	784	United Arab Emirates
AS	TR	TUR	792	Turkey, Republic of
AS	TM	TKM	795	Turkmenistan
AS	UZ	UZB	860	Uzbekistan, Republic of
AS	YE	YEM	887	Yemen
AS	XE	null	null	Iraq-Saudi Arabia Neutral Zone
AS	XD	null	null	United Nations Neutral Zone
AS	XS	null	null	Spratly Islands
AN	AQ	ATA	010	Antarctica (the territory South of 60 deg S)
AN	BV	BVT	074	Bouvet Island (Bouvetoya)
AN	GS	SGS	239	South Georgia and the South Sandwich Islands
AN	TF	ATF	260	French Southern Territories
AN	HM	HMD	334	Heard Island and McDonald Islands
AF	DZ	DZA	012	Algeria, People's Democratic Republic of
AF	AO	AGO	024	Angola, Republic of
AF	BW	BWA	072	Botswana, Republic of
AF	BI	BDI	108	Burundi, Republic of
AF	CM	CMR	120	Cameroon, Republic of
AF	CV	CPV	132	Cape Verde, Republic of
AF	CF	CAF	140	Central African Republic
AF	TD	TCD	148	Chad, Republic of
AF	KM	COM	174	Comoros, Union of the
AF	YT	MYT	175	Mayotte
AF	CG	COG	178	Congo, Republic of the
AF	CD	COD	180	Congo, Democratic Republic of the
AF	BJ	BEN	204	Benin, Republic of
AF	GQ	GNQ	226	Equatorial Guinea, Republic of
AF	ET	ETH	231	Ethiopia, Federal Democratic Republic of
AF	ER	ERI	232	Eritrea, State of
AF	DJ	DJI	262	Djibouti, Republic of
AF	GA	GAB	266	Gabon, Gabonese Republic
AF	GM	GMB	270	Gambia, Republic of the
AF	GH	GHA	288	Ghana, Republic of
AF	GN	GIN	324	Guinea, Republic of
AF	CI	CIV	384	Cote d'Ivoire, Republic of
AF	KE	KEN	404	Kenya, Republic of
AF	LS	LSO	426	Lesotho, Kingdom of
AF	LR	LBR	430	Liberia, Republic of
AF	LY	LBY	434	Libyan Arab Jamahiriya
AF	MG	MDG	450	Madagascar, Republic of
AF	MW	MWI	454	Malawi, Republic of
AF	ML	MLI	466	Mali, Republic of
AF	MR	MRT	478	Mauritania, Islamic Republic of
AF	MU	MUS	480	Mauritius, Republic of
AF	MA	MAR	504	Morocco, Kingdom of
AF	MZ	MOZ	508	Mozambique, Republic of
AF	NA	NAM	516	Namibia, Republic of
AF	NE	NER	562	Niger, Republic of
AF	NG	NGA	566	Nigeria, Federal Republic of
AF	GW	GNB	624	Guinea-Bissau, Republic of
AF	RE	REU	638	Reunion
AF	RW	RWA	646	Rwanda, Republic of
AF	SH	SHN	654	Saint Helena
AF	ST	STP	678	Sao Tome and Principe, Democratic Republic of
AF	SN	SEN	686	Senegal, Republic of
AF	SC	SYC	690	Seychelles, Republic of
AF	SL	SLE	694	Sierra Leone, Republic of
AF	SO	SOM	706	Somalia, Somali Republic
AF	ZA	ZAF	710	South Africa, Republic of
AF	ZW	ZWE	716	Zimbabwe, Republic of
AF	SS	SSD	728	South Sudan
AF	EH	ESH	732	Western Sahara
AF	SD	SDN	736	Sudan, Republic of
AF	SZ	SWZ	748	Swaziland, Kingdom of
AF	TG	TGO	768	Togo, Togolese Republic
AF	TN	TUN	788	Tunisia, Tunisian Republic
AF	UG	UGA	800	Uganda, Republic of
AF	EG	EGY	818	Egypt, Arab Republic of
AF	TZ	TZA	834	Tanzania, United Republic of
AF	BF	BFA	854	Burkina Faso
AF	ZM	ZMB	894	Zambia, Republic of
